{"actions":[],"apps":[{"acl":{"app":[],"field":[],"record":[]},"app":null,"category":{"categories":[],"useCategory":"false"},"form":{"layout":"[{\"id\":null,\"type\":\"ROW\",\"isSubTable\":false,\"var\":null,\"controlList\":[{\"label\":\"\u003Cdiv\u003E\u003Cstrong\u003E\u003Cfont size=\\\"6\\\"\u003E\\u5c0e\\u5165\\u8a2d\\u5099\\u60c5\\u5831\u003C/font\u003E\u003C/strong\u003E\u003C/div\u003E\",\"styleMap\":{\"width\":227,\"height\":62},\"innerComponentSize\":{\"width\":198,\"height\":54},\"type\":\"LABEL\"},{\"styleMap\":{\"width\":579,\"height\":29},\"innerComponentSize\":{\"width\":564,\"height\":11},\"type\":\"HR\"}]},{\"id\":null,\"type\":\"ROW\",\"isSubTable\":false,\"var\":null,\"controlList\":[{\"isVirtical\":true,\"styleMap\":{\"width\":268,\"height\":58},\"innerComponentSize\":{\"width\":253,\"height\":28},\"type\":\"SINGLE_LINE_TEXT\",\"var\":\"id\",\"label\":\"\\u8a2d\\u5099\\u7ba1\\u7406\\u756a\\u53f7\\uff08\\u8a2d\\u5099ID\\uff09\"},{\"isVirtical\":true,\"styleMap\":{\"width\":421,\"height\":58},\"innerComponentSize\":{\"width\":406,\"height\":28},\"type\":\"SINGLE_LINE_TEXT\",\"var\":\"name\",\"label\":\"\\u8a2d\\u5099\\u540d\\u79f0\"}]},{\"id\":null,\"type\":\"ROW\",\"isSubTable\":false,\"var\":null,\"controlList\":[{\"label\":\"\u003Cdiv\u003E\u003Cfont color=\\\"#0000ff\\\"\u003E\u003Cfont size=\\\"2\\\"\u003E\u003Cb\u003E\\u3010\\u756a\\u53f7\\u306e\\u4ed8\\u3051\\u65b9\\uff1a\u003C/b\u003E\u003C/font\u003E\u003Cspan style=\\\"font-size: small;line-height: 1.5;\\\"\u003E\u003Cb\u003EFA-\\u25cb###\u003C/b\u003E\u003C/span\u003E\u003Cb style=\\\"font-size: small;line-height: 1.5;\\\"\u003E\\u3011\u003C/b\u003E\u003C/font\u003E\u003C/div\u003E\u003Cdiv\u003E\u003Cspan style=\\\"font-size: small;line-height: 1.5;\\\"\u003E\u003Cfont color=\\\"#0000ff\\\"\u003E\\u3000\\u25cb\\uff1aS = \\u30b5\\u30fc\\u30d3\\u30b9\\u63d0\\u4f9b\\u3001T\u003C/font\u003E\u003C/span\u003E\u003Cspan style=\\\"color: rgb(0,0,255);font-size: small;\\\"\u003E&nbsp;=&nbsp;\u003C/span\u003E\u003Cspan style=\\\"font-size: small;line-height: 1.5;\\\"\u003E\u003Cfont color=\\\"#0000ff\\\"\u003E\\u30c8\\u30e9\\u30a4\\u30a2\\u30eb\u003C/font\u003E\u003C/span\u003E\u003C/div\u003E\u003Cdiv\u003E\u003Cspan style=\\\"font-size: small;line-height: 1.5;\\\"\u003E\u003Cfont color=\\\"#0000ff\\\"\u003E\\u3000###\\uff1a\u003C/font\u003E\u003C/span\u003E\u003Cspan style=\\\"color: rgb(0,0,255);font-size: small;line-height: 1.5;\\\"\u003E3\\u6841\\u306e\\u6570\\u5024\u003C/span\u003E\u003C/div\u003E\u003Cdiv\u003E\u003Cspan style=\\\"font-size: small;line-height: 1.5;\\\"\u003E\u003Cfont color=\\\"#0000ff\\\"\u003E\\u3000\\u203b\\u672c\\u30d5\\u30a3\\u30fc\\u30eb\\u30c9\\u306f\\u91cd\\u8907\\u7981\\u6b62\u003C/font\u003E\u003C/span\u003E\u003C/div\u003E\",\"styleMap\":{\"width\":281,\"height\":90},\"innerComponentSize\":{\"width\":252,\"height\":82},\"type\":\"LABEL\"}]},{\"id\":null,\"type\":\"ROW\",\"isSubTable\":false,\"var\":null,\"controlList\":[{\"label\":\"\u003Cb style=\\\"line-height: 1.5;\\\"\u003E\u003Cfont color=\\\"#666666\\\" size=\\\"4\\\"\u003E\\u25a0\\u500b\\u4f53\\u60c5\\u5831\u003C/font\u003E\u003C/b\u003E\u003Cb\u003E\u003Cbr /\u003E\u003C/b\u003E\",\"styleMap\":{\"width\":125,\"height\":41},\"innerComponentSize\":{\"width\":96,\"height\":33},\"type\":\"LABEL\"}]},{\"id\":null,\"type\":\"ROW\",\"isSubTable\":false,\"var\":null,\"controlList\":[{\"isVirtical\":true,\"styleMap\":{\"width\":142,\"height\":53},\"innerComponentSize\":{\"width\":121,\"height\":23},\"type\":\"SINGLE_SELECT\",\"var\":\"type\",\"label\":\"\\u8a2d\\u5099\\u7a2e\\u5225\"},{\"isVirtical\":true,\"styleMap\":{\"width\":125,\"height\":53},\"innerComponentSize\":{\"width\":104,\"height\":23},\"type\":\"SINGLE_SELECT\",\"var\":\"maker\",\"label\":\"\\u88fd\\u9020\\u8005\"},{\"isVirtical\":true,\"styleMap\":{\"width\":151,\"height\":54},\"innerComponentSize\":{\"width\":102,\"height\":24},\"type\":\"DATE\",\"var\":\"madeDate\",\"label\":\"\\u88fd\\u9020\\uff08\\u8cfc\\u5165\\uff09\\u5e74\\u6708\"},{\"isVirtical\":true,\"styleMap\":{\"width\":142,\"height\":58},\"innerComponentSize\":{\"width\":127,\"height\":28},\"type\":\"SINGLE_LINE_TEXT\",\"var\":\"model\",\"label\":\"\\u88fd\\u9020\\u578b\\u5f0f\"},{\"isVirtical\":true,\"styleMap\":{\"width\":129,\"height\":58},\"innerComponentSize\":{\"width\":114,\"height\":28},\"type\":\"SINGLE_LINE_TEXT\",\"var\":\"serial\",\"label\":\"\\u88fd\\u9020\\u756a\\u53f7\"}]},{\"id\":null,\"type\":\"ROW\",\"isSubTable\":false,\"var\":null,\"controlList\":[{\"isVirtical\":true,\"styleMap\":{\"width\":143,\"height\":58},\"innerComponentSize\":{\"width\":128,\"height\":28},\"type\":\"DECIMAL\",\"var\":\"price\",\"label\":\"\\u4fa1\\u683c\\uff3b\\u5186\\uff3d\"},{\"isVirtical\":true,\"styleMap\":{\"width\":125,\"height\":53},\"innerComponentSize\":{\"width\":104,\"height\":23},\"type\":\"SINGLE_SELECT\",\"var\":\"agent\",\"label\":\"\\u8ca9\\u58f2\\u4ee3\\u7406\\u5e97\"}]},{\"id\":null,\"type\":\"ROW\",\"isSubTable\":false,\"var\":null,\"controlList\":[{\"isVirtical\":true,\"styleMap\":{\"width\":268,\"height\":58},\"innerComponentSize\":{\"width\":253,\"height\":28},\"type\":\"SINGLE_LINE_TEXT\",\"var\":\"macAddress\",\"label\":\"MAC\\u30a2\\u30c9\\u30ec\\u30b9\"},{\"isVirtical\":true,\"styleMap\":{\"width\":241,\"height\":58},\"innerComponentSize\":{\"width\":226,\"height\":28},\"type\":\"SINGLE_LINE_TEXT\",\"var\":\"dial\",\"label\":\"\\u30c0\\u30a4\\u30e4\\u30eb\\u756a\\u53f7\"},{\"isVirtical\":true,\"styleMap\":{\"width\":180,\"height\":58},\"innerComponentSize\":{\"width\":165,\"height\":28},\"type\":\"SINGLE_LINE_TEXT\",\"var\":\"ipAddress\",\"label\":\"IP\\u30a2\\u30c9\\u30ec\\u30b9\"}]},{\"id\":null,\"type\":\"ROW\",\"isSubTable\":false,\"var\":null,\"controlList\":[{\"isVirtical\":true,\"styleMap\":{\"width\":194,\"height\":49},\"innerComponentSize\":{\"width\":179,\"height\":19},\"type\":\"SINGLE_CHECK\",\"var\":\"powerType\",\"label\":\"\\u96fb\\u6e90\\u7a2e\\u5225\",\"align\":\"horizontal\"},{\"isVirtical\":true,\"styleMap\":{\"width\":135,\"height\":58},\"innerComponentSize\":{\"width\":120,\"height\":28},\"type\":\"DECIMAL\",\"var\":\"voltage\",\"label\":\"\\u96fb\\u6e90\\u96fb\\u5727\\uff3bV\\uff3d\"},{\"isVirtical\":true,\"styleMap\":{\"width\":243,\"height\":58},\"innerComponentSize\":{\"width\":228,\"height\":28},\"type\":\"DECIMAL\",\"var\":\"ifSpeed\",\"label\":\"\\u30a4\\u30f3\\u30bf\\u30fc\\u30d5\\u30a7\\u30fc\\u30b9\\u901f\\u5ea6\\uff3bMbps\\uff3d\"}]},{\"id\":null,\"type\":\"ROW\",\"isSubTable\":false,\"var\":null,\"controlList\":[{\"isVirtical\":true,\"styleMap\":{\"width\":572,\"height\":58},\"innerComponentSize\":{\"width\":557,\"height\":28},\"type\":\"LINK\",\"var\":\"hpLink\",\"label\":\"\\u88fd\\u54c1\\u30db\\u30fc\\u30e0\\u30da\\u30fc\\u30b8\"}]},{\"id\":null,\"type\":\"ROW\",\"isSubTable\":false,\"var\":null,\"controlList\":[{\"label\":\"\u003Cb style=\\\"font-size: large;line-height: 1.5;\\\"\u003E\u003Cfont color=\\\"#666666\\\"\u003E\\u25a0\\u5c0e\\u5165\\u60c5\\u5831\u003C/font\u003E\u003C/b\u003E\u003Cfont color=\\\"#666666\\\" size=\\\"4\\\"\u003E\u003Cbr /\u003E\u003C/font\u003E\",\"styleMap\":{\"width\":125,\"height\":41},\"innerComponentSize\":{\"width\":96,\"height\":33},\"type\":\"LABEL\"}]},{\"id\":null,\"type\":\"ROW\",\"isSubTable\":false,\"var\":null,\"controlList\":[{\"isVirtical\":true,\"styleMap\":{\"width\":142,\"height\":53},\"innerComponentSize\":{\"width\":121,\"height\":23},\"type\":\"SINGLE_SELECT\",\"var\":\"area\",\"label\":\"\\u8a2d\\u7f6e\\u5730\\u533a\"},{\"isVirtical\":true,\"styleMap\":{\"width\":173,\"height\":58},\"innerComponentSize\":{\"width\":158,\"height\":28},\"type\":\"SINGLE_LINE_TEXT\",\"var\":\"location\",\"label\":\"\\u8a2d\\u7f6e\\u7b87\\u6240\\uff08\\u5efa\\u7269\\u540d\\uff09\"},{\"isVirtical\":true,\"styleMap\":{\"width\":199,\"height\":58},\"innerComponentSize\":{\"width\":184,\"height\":28},\"type\":\"SINGLE_LINE_TEXT\",\"var\":\"locationDetail\",\"label\":\"\\u8a2d\\u7f6e\\u7b87\\u6240\\uff08\\u6577\\u5730\\u5185\\u8a73\\u7d30\\uff09\"},{\"isVirtical\":true,\"styleMap\":{\"width\":142,\"height\":53},\"innerComponentSize\":{\"width\":121,\"height\":23},\"type\":\"SINGLE_SELECT\",\"var\":\"usage\",\"label\":\"\\u7528\\u9014\"}]},{\"id\":null,\"type\":\"ROW\",\"isSubTable\":false,\"var\":null,\"controlList\":[{\"isVirtical\":true,\"styleMap\":{\"width\":143,\"height\":53},\"innerComponentSize\":{\"width\":122,\"height\":23},\"type\":\"SINGLE_SELECT\",\"var\":\"operationStatus\",\"label\":\"\\u7a3c\\u50cd\\u533a\\u5206\"},{\"isVirtical\":true,\"styleMap\":{\"width\":172,\"height\":58},\"innerComponentSize\":{\"width\":157,\"height\":28},\"type\":\"SINGLE_LINE_TEXT\",\"var\":\"ownerLocation\",\"label\":\"\\u8cb8\\u51fa\\u30fb\\u63d0\\u4f9b\\u5148\"},{\"isVirtical\":true,\"styleMap\":{\"width\":203,\"height\":54},\"innerComponentSize\":{\"width\":102,\"height\":24},\"type\":\"DATE\",\"var\":\"startDay\",\"label\":\"\\u904b\\u7528\\u958b\\u59cb\\uff08\\u5c0e\\u5165\\u30fb\\u8a2d\\u7f6e\\uff09\\u65e5\"}]},{\"id\":null,\"type\":\"ROW\",\"isSubTable\":false,\"var\":null,\"controlList\":[{\"isVirtical\":true,\"styleMap\":{\"width\":656,\"height\":156},\"innerComponentSize\":{\"width\":641,\"height\":121},\"type\":\"MULTIPLE_LINE_TEXT\",\"var\":\"description\",\"label\":\"\\u5099\\u8003\"}]},{\"id\":null,\"type\":\"ROW\",\"isSubTable\":false,\"var\":null,\"controlList\":[{\"label\":\"\u003Cb\u003E\u003Cfont color=\\\"#666666\\\" size=\\\"4\\\"\u003E\\u25a0\\u305d\\u306e\\u4ed6\u003C/font\u003E\u003C/b\u003E\",\"styleMap\":{\"width\":107,\"height\":41},\"innerComponentSize\":{\"width\":78,\"height\":33},\"type\":\"LABEL\"}]},{\"id\":null,\"type\":\"ROW\",\"isSubTable\":false,\"var\":null,\"controlList\":[{\"isVirtical\":true,\"styleMap\":{\"width\":207,\"height\":62},\"innerComponentSize\":{\"width\":192,\"height\":32},\"type\":\"FILE\",\"var\":\"manual\",\"label\":\"\\u56f3\\u9762\\u30fb\\u53d6\\u6271\\u8aac\\u660e\\u66f8\"}]},{\"id\":null,\"type\":\"ROW\",\"isSubTable\":false,\"var\":null,\"controlList\":[{\"isVirtical\":true,\"styleMap\":{\"width\":207,\"height\":62},\"innerComponentSize\":{\"width\":192,\"height\":32},\"type\":\"FILE\",\"var\":\"picture\",\"label\":\"\\u5916\\u89b3\\u5199\\u771f\"}]},{\"id\":null,\"type\":\"ROW\",\"isSubTable\":false,\"var\":null,\"controlList\":[{\"styleMap\":{\"width\":65,\"height\":38},\"innerComponentSize\":{\"width\":52,\"height\":30},\"type\":\"SPACER\"}]},{\"id\":null,\"type\":\"ROW\",\"isSubTable\":false,\"var\":null,\"controlList\":[{\"label\":\"\u003Cb\u003E\u003Cfont size=\\\"6\\\"\u003E\\u30b5\\u30fc\\u30d3\\u30b9\\u60c5\\u5831\u003C/font\u003E\u003C/b\u003E\",\"styleMap\":{\"width\":227,\"height\":62},\"innerComponentSize\":{\"width\":198,\"height\":54},\"type\":\"LABEL\"},{\"styleMap\":{\"width\":579,\"height\":29},\"innerComponentSize\":{\"width\":564,\"height\":11},\"type\":\"HR\"}]},{\"id\":null,\"type\":\"ROW\",\"isSubTable\":false,\"var\":null,\"controlList\":[{\"isVirtical\":true,\"styleMap\":{\"width\":142,\"height\":53},\"innerComponentSize\":{\"width\":121,\"height\":23},\"type\":\"SINGLE_SELECT\",\"var\":\"serviceName\",\"label\":\"\\u30b5\\u30fc\\u30d3\\u30b9\\u540d\"},{\"isVirtical\":true,\"styleMap\":{\"width\":242,\"height\":58},\"innerComponentSize\":{\"width\":227,\"height\":28},\"type\":\"SINGLE_LINE_TEXT\",\"var\":\"customerLookup\",\"label\":\"\\u304a\\u5ba2\\u3055\\u307e\\uff08\\u30eb\\u30c3\\u30af\\u30a2\\u30c3\\u30d7\\u306b\\u5909\\u66f4\\uff09\"},{\"isVirtical\":true,\"styleMap\":{\"width\":125,\"height\":49},\"innerComponentSize\":{\"width\":70,\"height\":19},\"type\":\"SINGLE_CHECK\",\"var\":\"hasMaintainance\",\"label\":\"\\u4fdd\\u5b88\\u5951\\u7d04\\u6709\\u7121\",\"align\":\"horizontal\"},{\"isVirtical\":true,\"styleMap\":{\"width\":112,\"height\":49},\"innerComponentSize\":{\"width\":70,\"height\":19},\"type\":\"SINGLE_CHECK\",\"var\":\"hasBackup\",\"label\":\"\\u4e88\\u5099\\u54c1\\u6709\\u7121\",\"align\":\"horizontal\"}]},{\"id\":null,\"type\":\"ROW\",\"isSubTable\":false,\"var\":null,\"controlList\":[{\"styleMap\":{\"width\":65,\"height\":38},\"innerComponentSize\":{\"width\":52,\"height\":30},\"type\":\"SPACER\"}]},{\"id\":null,\"type\":\"ROW\",\"isSubTable\":false,\"var\":null,\"controlList\":[{\"styleMap\":{\"width\":355,\"height\":35},\"innerComponentSize\":{\"width\":340,\"height\":11},\"type\":\"HR\"}]},{\"id\":null,\"type\":\"ROW\",\"isSubTable\":false,\"var\":null,\"controlList\":[{\"styleMap\":{\"width\":120,\"height\":55},\"innerComponentSize\":{\"width\":78,\"height\":14},\"type\":\"RECORD_ID\",\"var\":\"recordNum\",\"label\":\"\\u30ec\\u30b3\\u30fc\\u30c9\\u756a\\u53f7\"},{\"styleMap\":{\"width\":120,\"height\":55},\"innerComponentSize\":{\"width\":78,\"height\":14},\"type\":\"MODIFIER\",\"var\":\"\\u66f4\\u65b0\\u8005\",\"label\":\"\\u66f4\\u65b0\\u8005\"}]}]","revision":null},"iconMeta":{"internalName":null,"mime":"image/png","name":"設備管理.png"},"info":{"code":null,"decimalPrecision":"16","decimalScale":"4","description":"\u003Cdiv\u003E \u003Cdiv class=\"detailText\"\u003E \u003Cp\u003E製造情報、設置箇所や用途等が登録できる設備（モノ、製商品）の個体管理を行うアプリです。顧客情報アプリや故障・障害進捗管理（製商品サポート記録）アプリやM2Mサービスとの連携により、お客さまへの設備導入時に付加価値サービスが提供できるようになります。\u003C/p\u003E\u003C/div\u003E\u003C/div\u003E","enableBulkDeletion":"false","fiscalYearStartMonth":"4","iconKey":"11201","iconType":"BLOB","jsFiles":null,"jsScope":"ALL","name":"設備管理","roundingMode":"HALF_EVEN","theme":"PLAIN","titleComponentLocalId":"4876","titleMaxLength":"30","useComment":"true","useHistory":"true","useThumbnail":"true"},"jsFiles":[{"jsFileMetas":[{"internalName":null,"locationType":"BLOB","mime":"text/javascript","name":"faManage.js","url":null}],"jsType":"DESKTOP"}],"notification":{"appNotifications":[{"events":["RECORD_COMMENT_ADDED"],"target":{"entityId":"2228","entityType":"FIELD_ENTITY","includeSubs":"false"}},{"events":["RECORD_COMMENT_ADDED"],"target":{"entityId":"2229","entityType":"FIELD_ENTITY","includeSubs":"false"}}],"recordNotifications":[],"reminderTimezone":"Asia/Tokyo","reminders":[],"useComment":"true","useReminder":"false"},"plugin":{"pluginIds":[]},"reports":[{"advancedMode":"false","filter":{"category":null,"offset":null,"order":[],"q":null,"size":null,"sort":[]},"isAborted":null,"name":"数量内訳（設備種別）","processType":null,"report":"12064","reportType":"SUBTOTAL","revision":null,"settings":"{\"groups\":[{\"id\":\"4879\",\"op\":null}],\"summaries\":[{\"op\":\"COUNT\",\"id\":null}],\"chartType\":\"pie\",\"sort\":[\"s0\"],\"order\":[\"DESC\"]}","tallyPeriod":null,"tallyStartDateTime":null},{"advancedMode":"false","filter":{"category":null,"offset":null,"order":[],"q":null,"size":null,"sort":[]},"isAborted":null,"name":"数量内訳（稼働区分）","processType":null,"report":"12066","reportType":"SUBTOTAL","revision":null,"settings":"{\"groups\":[{\"id\":\"4884\",\"op\":null}],\"summaries\":[{\"op\":\"COUNT\",\"id\":null}],\"chartType\":\"pie\",\"sort\":[\"s0\"],\"order\":[\"DESC\"]}","tallyPeriod":null,"tallyStartDateTime":null},{"advancedMode":"false","filter":{"category":null,"offset":null,"order":[],"q":null,"size":null,"sort":[]},"isAborted":null,"name":"数量内訳（製造型式）","processType":null,"report":"12068","reportType":"SUBTOTAL","revision":null,"settings":"{\"groups\":[{\"id\":\"4882\",\"op\":null}],\"summaries\":[{\"op\":\"COUNT\",\"id\":null}],\"chartType\":\"pie\",\"sort\":[\"s0\"],\"order\":[\"DESC\"]}","tallyPeriod":null,"tallyStartDateTime":null},{"advancedMode":"false","filter":{"category":null,"offset":null,"order":[],"q":null,"size":null,"sort":[]},"isAborted":null,"name":"投資内訳（設備種別）","processType":null,"report":"12072","reportType":"SUBTOTAL","revision":null,"settings":"{\"groups\":[{\"id\":\"4879\",\"op\":null}],\"summaries\":[{\"op\":\"SUM\",\"id\":\"12023\"}],\"chartType\":\"pie\",\"sort\":[\"s0\"],\"order\":[\"DESC\"]}","tallyPeriod":null,"tallyStartDateTime":null},{"advancedMode":"false","filter":{"category":null,"offset":null,"order":[],"q":null,"size":null,"sort":[]},"isAborted":null,"name":"投資内訳（製造型式）","processType":null,"report":"12070","reportType":"SUBTOTAL","revision":null,"settings":"{\"groups\":[{\"id\":\"4882\",\"op\":null}],\"summaries\":[{\"op\":\"SUM\",\"id\":\"12023\"}],\"chartType\":\"pie\",\"sort\":[\"s0\"],\"order\":[\"DESC\"]}","tallyPeriod":null,"tallyStartDateTime":null},{"advancedMode":"false","filter":{"category":null,"offset":null,"order":[],"q":null,"size":null,"sort":[]},"isAborted":null,"name":"投資推移（設備種別）","processType":null,"report":"12074","reportType":"SUBTOTAL","revision":null,"settings":"{\"groups\":[{\"id\":\"4881\",\"op\":\"YEAR_MONTH\"},{\"id\":\"4879\",\"op\":null}],\"summaries\":[{\"op\":\"SUM\",\"id\":\"12023\"}],\"chartType\":\"column\",\"stackType\":\"stacked\",\"sort\":[\"g0\"],\"order\":[\"ASC\"]}","tallyPeriod":null,"tallyStartDateTime":null},{"advancedMode":"false","filter":{"category":null,"offset":null,"order":[],"q":null,"size":null,"sort":[]},"isAborted":null,"name":"投資推移（製造型式）","processType":null,"report":"12076","reportType":"SUBTOTAL","revision":null,"settings":"{\"groups\":[{\"id\":\"4881\",\"op\":\"YEAR_MONTH\"},{\"id\":\"4882\",\"op\":null}],\"summaries\":[{\"op\":\"SUM\",\"id\":\"12023\"}],\"chartType\":\"column\",\"stackType\":\"stacked\",\"sort\":[\"g0\"],\"order\":[\"ASC\"]}","tallyPeriod":null,"tallyStartDateTime":null},{"advancedMode":"false","filter":{"category":null,"offset":null,"order":[],"q":null,"size":null,"sort":[]},"isAborted":null,"name":"稼働効率確認","processType":null,"report":"12078","reportType":"SUBTOTAL","revision":null,"settings":"{\"groups\":[{\"id\":\"4882\",\"op\":null},{\"id\":\"4884\",\"op\":null}],\"summaries\":[{\"op\":\"SUM\",\"id\":\"12023\"}],\"chartType\":\"pie\",\"sort\":[\"s0\"],\"order\":[\"DESC\"]}","tallyPeriod":null,"tallyStartDateTime":null},{"advancedMode":"false","filter":{"category":null,"offset":null,"order":[],"q":"f4884 in (\"4863\", \"12052\", \"12051\")","size":null,"sort":[]},"isAborted":null,"name":"センサー型式ニーズ（高）","processType":null,"report":"12137","reportType":"SUBTOTAL","revision":null,"settings":"{\"groups\":[{\"id\":\"4882\",\"op\":null}],\"summaries\":[{\"op\":\"COUNT\",\"id\":null}],\"chartType\":\"pie\",\"sort\":[\"s0\"],\"order\":[\"DESC\"]}","tallyPeriod":null,"tallyStartDateTime":null},{"advancedMode":"false","filter":{"category":null,"offset":null,"order":[],"q":"f4884 in (\"4862\", \"12085\", \"4865\")","size":null,"sort":[]},"isAborted":null,"name":"センサー型式ニーズ（低）","processType":null,"report":"12139","reportType":"SUBTOTAL","revision":null,"settings":"{\"groups\":[{\"id\":\"4882\",\"op\":null}],\"summaries\":[{\"op\":\"COUNT\",\"id\":null}],\"chartType\":\"pie\",\"sort\":[\"s0\"],\"order\":[\"DESC\"]}","tallyPeriod":null,"tallyStartDateTime":null}],"resource":{"tables":[{"rows":[{"fields":[],"objectId":"0","subObjectId":"-1"}],"type":"AppName"},{"rows":[{"fields":[],"objectId":"2227","subObjectId":"-1"},{"fields":[],"objectId":"2228","subObjectId":"-1"},{"fields":[],"objectId":"2229","subObjectId":"-1"},{"fields":[],"objectId":"2230","subObjectId":"-1"},{"fields":[],"objectId":"2231","subObjectId":"-1"},{"fields":[],"objectId":"2232","subObjectId":"-1"},{"fields":[],"objectId":"2233","subObjectId":"-1"},{"fields":[],"objectId":"2234","subObjectId":"-1"},{"fields":[],"objectId":"2270","subObjectId":"-1"},{"fields":[],"objectId":"2270","subObjectId":"12083"},{"fields":[],"objectId":"2270","subObjectId":"12053"},{"fields":[],"objectId":"2270","subObjectId":"12055"},{"fields":[],"objectId":"2270","subObjectId":"12056"},{"fields":[],"objectId":"2270","subObjectId":"12057"},{"fields":[],"objectId":"2270","subObjectId":"12082"},{"fields":[],"objectId":"2270","subObjectId":"2247"},{"fields":[],"objectId":"2270","subObjectId":"2248"},{"fields":[],"objectId":"2270","subObjectId":"2251"},{"fields":[],"objectId":"2270","subObjectId":"2253"},{"fields":[],"objectId":"2270","subObjectId":"2252"},{"fields":[],"objectId":"2270","subObjectId":"2249"},{"fields":[],"objectId":"2270","subObjectId":"2250"},{"fields":[],"objectId":"2271","subObjectId":"-1"},{"fields":[],"objectId":"2273","subObjectId":"-1"},{"fields":[],"objectId":"2274","subObjectId":"-1"},{"fields":[],"objectId":"2274","subObjectId":"2254"},{"fields":[],"objectId":"2274","subObjectId":"2258"},{"fields":[],"objectId":"2274","subObjectId":"2259"},{"fields":[],"objectId":"2274","subObjectId":"2255"},{"fields":[],"objectId":"2274","subObjectId":"8878"},{"fields":[],"objectId":"2274","subObjectId":"2256"},{"fields":[],"objectId":"2274","subObjectId":"2257"},{"fields":[],"objectId":"2275","subObjectId":"-1"},{"fields":[],"objectId":"2276","subObjectId":"-1"},{"fields":[],"objectId":"2298","subObjectId":"-1"},{"fields":[],"objectId":"4876","subObjectId":"-1"},{"fields":[],"objectId":"4877","subObjectId":"-1"},{"fields":[],"objectId":"4877","subObjectId":"4856"},{"fields":[],"objectId":"4877","subObjectId":"4857"},{"fields":[],"objectId":"4877","subObjectId":"8877"},{"fields":[],"objectId":"4877","subObjectId":"8876"},{"fields":[],"objectId":"4877","subObjectId":"8873"},{"fields":[],"objectId":"4877","subObjectId":"8872"},{"fields":[],"objectId":"4877","subObjectId":"8875"},{"fields":[],"objectId":"4877","subObjectId":"8874"},{"fields":[],"objectId":"4878","subObjectId":"-1"},{"fields":[],"objectId":"4879","subObjectId":"-1"},{"fields":[],"objectId":"4879","subObjectId":"8102"},{"fields":[],"objectId":"4879","subObjectId":"12013"},{"fields":[],"objectId":"4879","subObjectId":"12014"},{"fields":[],"objectId":"4879","subObjectId":"12015"},{"fields":[],"objectId":"4879","subObjectId":"12017"},{"fields":[],"objectId":"4879","subObjectId":"4859"},{"fields":[],"objectId":"4879","subObjectId":"4858"},{"fields":[],"objectId":"4880","subObjectId":"-1"},{"fields":[],"objectId":"4880","subObjectId":"4860"},{"fields":[],"objectId":"4880","subObjectId":"4861"},{"fields":[],"objectId":"4880","subObjectId":"12018"},{"fields":[],"objectId":"4880","subObjectId":"12019"},{"fields":[],"objectId":"4880","subObjectId":"12012"},{"fields":[],"objectId":"4880","subObjectId":"12011"},{"fields":[],"objectId":"4880","subObjectId":"12010"},{"fields":[],"objectId":"4880","subObjectId":"12140"},{"fields":[],"objectId":"4880","subObjectId":"12059"},{"fields":[],"objectId":"4880","subObjectId":"12020"},{"fields":[],"objectId":"4880","subObjectId":"12060"},{"fields":[],"objectId":"4880","subObjectId":"12062"},{"fields":[],"objectId":"4880","subObjectId":"12058"},{"fields":[],"objectId":"4880","subObjectId":"12061"},{"fields":[],"objectId":"4881","subObjectId":"-1"},{"fields":[],"objectId":"4882","subObjectId":"-1"},{"fields":[],"objectId":"4883","subObjectId":"-1"},{"fields":[],"objectId":"4884","subObjectId":"-1"},{"fields":[],"objectId":"4884","subObjectId":"4862"},{"fields":[],"objectId":"4884","subObjectId":"12085"},{"fields":[],"objectId":"4884","subObjectId":"4863"},{"fields":[],"objectId":"4884","subObjectId":"12052"},{"fields":[],"objectId":"4884","subObjectId":"12051"},{"fields":[],"objectId":"4884","subObjectId":"133496"},{"fields":[],"objectId":"4884","subObjectId":"4864"},{"fields":[],"objectId":"4884","subObjectId":"4865"},{"fields":[],"objectId":"4884","subObjectId":"12084"},{"fields":[],"objectId":"4885","subObjectId":"-1"},{"fields":[],"objectId":"4885","subObjectId":"4868"},{"fields":[],"objectId":"4885","subObjectId":"4869"},{"fields":[],"objectId":"4885","subObjectId":"12135"},{"fields":[],"objectId":"4885","subObjectId":"12081"},{"fields":[],"objectId":"4886","subObjectId":"-1"},{"fields":[],"objectId":"4887","subObjectId":"-1"},{"fields":[],"objectId":"4888","subObjectId":"-1"},{"fields":[],"objectId":"4889","subObjectId":"-1"},{"fields":[],"objectId":"4890","subObjectId":"-1"},{"fields":[],"objectId":"4891","subObjectId":"-1"},{"fields":[],"objectId":"4891","subObjectId":"4870"},{"fields":[],"objectId":"4891","subObjectId":"4871"},{"fields":[],"objectId":"4892","subObjectId":"-1"},{"fields":[],"objectId":"4892","subObjectId":"4872"},{"fields":[],"objectId":"4892","subObjectId":"4873"},{"fields":[],"objectId":"4893","subObjectId":"-1"},{"fields":[],"objectId":"4893","subObjectId":"4874"},{"fields":[],"objectId":"4893","subObjectId":"4875"},{"fields":[],"objectId":"10147","subObjectId":"-1"},{"fields":[],"objectId":"12016","subObjectId":"-1"},{"fields":[],"objectId":"12023","subObjectId":"-1"},{"fields":[],"objectId":"12054","subObjectId":"-1"},{"fields":[],"objectId":"12141","subObjectId":"-1"}],"type":"FieldLabel"},{"rows":[{"fields":[],"objectId":"12022","subObjectId":"-1"},{"fields":[],"objectId":"4901","subObjectId":"-1"},{"fields":[],"objectId":"20","subObjectId":"-1"}],"type":"ViewName"},{"rows":[{"fields":[],"objectId":"12064","subObjectId":"-1"},{"fields":[],"objectId":"12066","subObjectId":"-1"},{"fields":[],"objectId":"12068","subObjectId":"-1"},{"fields":[],"objectId":"12072","subObjectId":"-1"},{"fields":[],"objectId":"12070","subObjectId":"-1"},{"fields":[],"objectId":"12074","subObjectId":"-1"},{"fields":[],"objectId":"12076","subObjectId":"-1"},{"fields":[],"objectId":"12078","subObjectId":"-1"},{"fields":[],"objectId":"12137","subObjectId":"-1"},{"fields":[],"objectId":"12139","subObjectId":"-1"}],"type":"ReportName"},{"rows":[{"fields":[],"objectId":"0","subObjectId":"-1"}],"type":"AppDescription"}]},"schema":{"groups":[],"revision":null,"subTable":{},"table":{"fieldList":{"2227":{"id":"2227","label":"レコード番号","properties":{"noLabel":"false","required":"true"},"type":"RECORD_ID","var":"recordNum"},"2228":{"id":"2228","label":"更新者","properties":{"noLabel":"false","required":"true"},"type":"MODIFIER","var":"更新者"},"2229":{"id":"2229","label":"作成者","properties":{"noLabel":"false","required":"true"},"type":"CREATOR","var":"作成者"},"2230":{"id":"2230","label":"更新日時","properties":{"noLabel":"false","required":"true"},"type":"MODIFIED_AT","var":"更新日時"},"2231":{"id":"2231","label":"作成日時","properties":{"noLabel":"false","required":"true"},"type":"CREATED_AT","var":"作成日時"},"2232":{"id":"2232","label":"ステータス","properties":{"noLabel":"false","required":"false"},"type":"STATUS","var":"ステータス"},"2233":{"id":"2233","label":"作業者","properties":{"noLabel":"false","required":"false"},"type":"STATUS_ASSIGNEE","var":"作業者"},"2234":{"id":"2234","label":"カテゴリー","properties":{"noLabel":"false","required":"false"},"type":"CATEGORY","var":"カテゴリー"},"2270":{"id":"2270","label":"販売代理店","properties":{"defaultValue":null,"noLabel":"false","options":[{"id":"12083","label":"直販","valid":true},{"id":"12053","label":"ダイワボウ情報システム","valid":true},{"id":"12055","label":"富士通","valid":true},{"id":"12056","label":"九州計測器","valid":true},{"id":"12057","label":"ミウラ","valid":true},{"id":"12082","label":"Amazon","valid":true},{"id":"2247","label":"○○産業","valid":true},{"id":"2248","label":"▲▲商会","valid":true},{"id":"2251","label":"□□商事","valid":true},{"id":"2253","label":"その他","valid":true},{"id":"2252","label":"日技","valid":false},{"id":"2249","label":"中和機械","valid":false},{"id":"2250","label":"日本ポンプ技研","valid":false}],"required":"false"},"type":"SINGLE_SELECT","var":"agent"},"2271":{"id":"2271","label":"運用開始（導入・設置）日","properties":{"defaultExpression":null,"defaultValue":null,"noLabel":"false","required":"false","unique":"false"},"type":"DATE","var":"startDay"},"2273":{"id":"2273","label":"設置箇所（建物名）","properties":{"defaultValue":"","expression":"","max":null,"min":null,"noLabel":"false","required":"false","unique":"false"},"type":"SINGLE_LINE_TEXT","var":"location"},"2274":{"id":"2274","label":"用途","properties":{"defaultValue":"2254","noLabel":"false","options":[{"id":"2254","label":"一般業務用","valid":true},{"id":"2258","label":"非災","valid":true},{"id":"2259","label":"その他","valid":true},{"id":"2255","label":"非常用","valid":false},{"id":"8878","label":"予備品","valid":false},{"id":"2256","label":"ガソリン","valid":false},{"id":"2257","label":"灯油","valid":false}],"required":"false"},"type":"SINGLE_SELECT","var":"usage"},"2275":{"id":"2275","label":"外観写真","properties":{"noLabel":"false","required":"false","thumbnailSize":"150"},"type":"FILE","var":"picture"},"2276":{"id":"2276","label":"図面・取扱説明書","properties":{"noLabel":"false","required":"false","thumbnailSize":"150"},"type":"FILE","var":"manual"},"2298":{"id":"2298","label":"設備管理番号（設備ID）","properties":{"defaultValue":"","expression":"","max":"64","min":null,"noLabel":"false","required":"false","unique":"true"},"type":"SINGLE_LINE_TEXT","var":"id"},"4876":{"id":"4876","label":"設備名称","properties":{"defaultValue":"","expression":"","max":null,"min":null,"noLabel":"false","required":"false","unique":"false"},"type":"SINGLE_LINE_TEXT","var":"name"},"4877":{"id":"4877","label":"設置地区","properties":{"defaultValue":null,"noLabel":"false","options":[{"id":"4856","label":"福岡","valid":true},{"id":"4857","label":"佐賀","valid":true},{"id":"8877","label":"東京","valid":false},{"id":"8876","label":"鹿児島","valid":false},{"id":"8873","label":"大分","valid":false},{"id":"8872","label":"長崎","valid":false},{"id":"8875","label":"宮崎","valid":false},{"id":"8874","label":"熊本","valid":false}],"required":"false"},"type":"SINGLE_SELECT","var":"area"},"4878":{"id":"4878","label":"設置箇所（敷地内詳細）","properties":{"defaultValue":"","expression":"","max":null,"min":null,"noLabel":"false","required":"false","unique":"false"},"type":"SINGLE_LINE_TEXT","var":"locationDetail"},"4879":{"id":"4879","label":"設備種別","properties":{"defaultValue":null,"noLabel":"false","options":[{"id":"8102","label":"ルータ","valid":true},{"id":"12013","label":"モバイルルータ","valid":true},{"id":"12014","label":"センサ（子機）","valid":true},{"id":"12015","label":"センサ（親機）","valid":true},{"id":"12017","label":"SIMカード（標準）","valid":true},{"id":"4859","label":"L2SW","valid":true},{"id":"4858","label":"PC","valid":true}],"required":"false"},"type":"SINGLE_SELECT","var":"type"},"4880":{"id":"4880","label":"製造者","properties":{"defaultValue":null,"noLabel":"false","options":[{"id":"4860","label":"□□ネットワーク","valid":true},{"id":"4861","label":"◇◇システムズ","valid":true},{"id":"12018","label":"ニシム電子工業","valid":true},{"id":"12019","label":"MI","valid":true},{"id":"12012","label":"T&D","valid":true},{"id":"12011","label":"丸紅無線通信","valid":true},{"id":"12010","label":"サクサ","valid":true},{"id":"12140","label":"U_RD","valid":true},{"id":"12059","label":"A・R・P","valid":true},{"id":"12020","label":"Digi","valid":true},{"id":"12060","label":"GEIST","valid":true},{"id":"12062","label":"Koubachi","valid":true},{"id":"12058","label":"EPSON","valid":true},{"id":"12061","label":"その他（不明）","valid":true}],"required":"false"},"type":"SINGLE_SELECT","var":"maker"},"4881":{"id":"4881","label":"製造（購入）年月","properties":{"defaultExpression":"NOW","defaultValue":null,"noLabel":"false","required":"false","unique":"false"},"type":"DATE","var":"madeDate"},"4882":{"id":"4882","label":"製造型式","properties":{"defaultValue":"","expression":"","max":null,"min":null,"noLabel":"false","required":"false","unique":"false"},"type":"SINGLE_LINE_TEXT","var":"model"},"4883":{"id":"4883","label":"製造番号","properties":{"defaultValue":"","expression":"","max":"64","min":null,"noLabel":"false","required":"false","unique":"true"},"type":"SINGLE_LINE_TEXT","var":"serial"},"4884":{"id":"4884","label":"稼働区分","properties":{"defaultValue":"4862","noLabel":"false","options":[{"id":"4862","label":"未使用","valid":true},{"id":"12085","label":"社内検証中","valid":true},{"id":"4863","label":"稼働中","valid":true},{"id":"12052","label":"サービス提供中","valid":true},{"id":"12051","label":"貸出中","valid":true},{"id":"133496","label":"修理中","valid":true},{"id":"4864","label":"休止中","valid":true},{"id":"4865","label":"撤去・廃棄済","valid":true},{"id":"12084","label":"滅失","valid":false}],"required":"false"},"type":"SINGLE_SELECT","var":"operationStatus"},"4885":{"id":"4885","label":"電源種別","properties":{"defaultValue":"4868","noLabel":"false","options":[{"id":"4868","label":"AC","valid":true},{"id":"4869","label":"DC","valid":true},{"id":"12135","label":"電池","valid":true},{"id":"12081","label":"PoE","valid":true}],"required":"true"},"type":"SINGLE_CHECK","var":"powerType"},"4886":{"id":"4886","label":"電源電圧［V］","properties":{"defaultValue":null,"digit":"false","displayScale":null,"max":null,"min":null,"noLabel":"false","required":"false","roundingMode":null,"scale":null,"unique":"false"},"type":"DECIMAL","var":"voltage"},"4887":{"id":"4887","label":"インターフェース速度［Mbps］","properties":{"defaultValue":null,"digit":"false","displayScale":null,"max":null,"min":null,"noLabel":"false","required":"false","roundingMode":null,"scale":null,"unique":"false"},"type":"DECIMAL","var":"ifSpeed"},"4888":{"id":"4888","label":"MACアドレス","properties":{"defaultValue":"","expression":"","max":"64","min":null,"noLabel":"false","required":"false","unique":"true"},"type":"SINGLE_LINE_TEXT","var":"macAddress"},"4889":{"id":"4889","label":"IPアドレス","properties":{"defaultValue":"","expression":"","max":null,"min":null,"noLabel":"false","required":"false","unique":"false"},"type":"SINGLE_LINE_TEXT","var":"ipAddress"},"4890":{"id":"4890","label":"備考","properties":{"defaultValue":"","noLabel":"false","required":"false"},"type":"MULTIPLE_LINE_TEXT","var":"description"},"4891":{"id":"4891","label":"サービス名","properties":{"defaultValue":null,"noLabel":"false","options":[{"id":"4870","label":"LANサービス","valid":true},{"id":"4871","label":"接点監視サービス","valid":true}],"required":"false"},"type":"SINGLE_SELECT","var":"serviceName"},"4892":{"id":"4892","label":"保守契約有無","properties":{"defaultValue":"4872","noLabel":"false","options":[{"id":"4872","label":"有","valid":true},{"id":"4873","label":"無","valid":true}],"required":"true"},"type":"SINGLE_CHECK","var":"hasMaintainance"},"4893":{"id":"4893","label":"予備品有無","properties":{"defaultValue":"4874","noLabel":"false","options":[{"id":"4874","label":"有","valid":true},{"id":"4875","label":"無","valid":true}],"required":"true"},"type":"SINGLE_CHECK","var":"hasBackup"},"10147":{"id":"10147","label":"お客さま（ルックアップに変更）","properties":{"defaultValue":"","expression":"","max":null,"min":null,"noLabel":"false","required":"false","unique":"false"},"type":"SINGLE_LINE_TEXT","var":"customerLookup"},"12016":{"id":"12016","label":"ダイヤル番号","properties":{"defaultValue":"","expression":"","max":"64","min":null,"noLabel":"false","required":"false","unique":"true"},"type":"SINGLE_LINE_TEXT","var":"dial"},"12023":{"id":"12023","label":"価格［円］","properties":{"defaultValue":null,"digit":"true","displayScale":null,"max":null,"min":null,"noLabel":"false","required":"false","roundingMode":null,"scale":null,"unique":"false"},"type":"DECIMAL","var":"price"},"12054":{"id":"12054","label":"貸出・提供先","properties":{"defaultValue":"","expression":"","max":null,"min":null,"noLabel":"false","required":"false","unique":"false"},"type":"SINGLE_LINE_TEXT","var":"ownerLocation"},"12141":{"id":"12141","label":"製品ホームページ","properties":{"defaultValue":"","max":null,"min":null,"noLabel":"false","protocol":"WEB","required":"false","unique":"false"},"type":"LINK","var":"hpLink"}},"id":"1","label":"__ROOT__","var":"__ROOT__"}},"status":{"actions":[],"filters":[],"initialStateId":null,"states":[],"useStatus":"false"},"uuid":"12c5b9cd-14f5-4393-a71f-6d40f154af62","views":[{"advancedMode":"false","builtinType":null,"fields":[{"row":[{"id":"2298"},{"id":"2275"},{"id":"4884"},{"id":"12054"},{"id":"4879"},{"id":"4880"},{"id":"4882"},{"id":"4883"},{"id":"4888"},{"id":"12016"},{"id":"12023"},{"id":"4881"},{"id":"12141"},{"id":"2228"}]}],"filter":{"category":null,"offset":null,"order":["DESC"],"q":null,"size":null,"sort":["f2231"]},"html":null,"keyFieldId":null,"name":"備品管理","pager":null,"revision":null,"titleFieldId":null,"view":"12022","viewType":"LIST"},{"advancedMode":"false","builtinType":null,"fields":[{"row":[{"id":"4876"},{"id":"4877"},{"id":"2273"},{"id":"4882"},{"id":"4891"},{"id":"4892"},{"id":"4893"}]}],"filter":{"category":null,"offset":null,"order":["DESC"],"q":null,"size":null,"sort":["f2231"]},"html":null,"keyFieldId":null,"name":"デフォルト","pager":null,"revision":null,"titleFieldId":null,"view":"4901","viewType":"LIST"},{"advancedMode":null,"builtinType":"ALL","fields":[{"row":[{"id":"2227"},{"id":"2270"},{"id":"2271"},{"id":"2273"},{"id":"2274"},{"id":"2275"},{"id":"2276"},{"id":"2298"},{"id":"4876"},{"id":"4877"},{"id":"4878"},{"id":"4879"},{"id":"4880"},{"id":"4881"},{"id":"4882"},{"id":"4883"},{"id":"4884"},{"id":"4885"},{"id":"4886"},{"id":"4887"},{"id":"4888"},{"id":"4889"},{"id":"4890"},{"id":"4891"},{"id":"4892"},{"id":"4893"},{"id":"10147"},{"id":"12016"},{"id":"12023"},{"id":"12054"},{"id":"12141"}]}],"filter":{"category":null,"offset":null,"order":[],"q":null,"size":null,"sort":[]},"html":null,"keyFieldId":null,"name":"（すべて）","pager":null,"revision":null,"titleFieldId":null,"view":"20","viewType":"LIST"}]},{"acl":{"app":[],"field":[],"record":[]},"app":null,"category":{"categories":[],"useCategory":"false"},"form":{"layout":"[{\"id\":null,\"type\":\"ROW\",\"isSubTable\":false,\"var\":null,\"controlList\":[{\"innerComponentSize\":{\"width\":178,\"height\":28},\"isVirtical\":true,\"styleMap\":{\"width\":193,\"height\":58},\"type\":\"SINGLE_LINE_TEXT\",\"label\":\"\\u4f1a\\u793e\\u540d\",\"var\":\"companyName\"},{\"innerComponentSize\":{\"width\":178,\"height\":28},\"isVirtical\":true,\"styleMap\":{\"width\":193,\"height\":58},\"type\":\"SINGLE_LINE_TEXT\",\"label\":\"\\u90e8\\u7f72\\u540d\",\"var\":\"department\"},{\"innerComponentSize\":{\"width\":178,\"height\":28},\"isVirtical\":true,\"styleMap\":{\"width\":193,\"height\":58},\"type\":\"SINGLE_LINE_TEXT\",\"label\":\"\\u62c5\\u5f53\\u8005\\u540d\",\"var\":\"inCharge\"},{\"innerComponentSize\":{\"width\":178,\"height\":28},\"isVirtical\":true,\"styleMap\":{\"width\":193,\"height\":58},\"type\":\"SINGLE_LINE_TEXT\",\"label\":\"\\u4f1a\\u793e\\u30b3\\u30fc\\u30c9\",\"var\":\"companyCode\"}]},{\"id\":null,\"type\":\"ROW\",\"isSubTable\":false,\"var\":null,\"controlList\":[{\"styleMap\":{\"width\":117,\"height\":66},\"innerComponentSize\":{\"width\":102,\"height\":52},\"elementId\":\"Map\",\"type\":\"SPACER\"}]},{\"id\":null,\"type\":\"ROW\",\"isSubTable\":false,\"var\":null,\"controlList\":[{\"innerComponentSize\":{\"width\":178,\"height\":28},\"isVirtical\":true,\"styleMap\":{\"width\":193,\"height\":58},\"type\":\"SINGLE_LINE_TEXT\",\"label\":\"TEL\",\"var\":\"tel\"},{\"innerComponentSize\":{\"width\":178,\"height\":28},\"isVirtical\":true,\"styleMap\":{\"width\":193,\"height\":58},\"type\":\"SINGLE_LINE_TEXT\",\"label\":\"FAX\",\"var\":\"fac\"}]},{\"id\":null,\"type\":\"ROW\",\"isSubTable\":false,\"var\":null,\"controlList\":[{\"innerComponentSize\":{\"width\":178,\"height\":28},\"isVirtical\":true,\"styleMap\":{\"width\":193,\"height\":58},\"type\":\"SINGLE_LINE_TEXT\",\"label\":\"\\u90f5\\u4fbf\\u756a\\u53f7\",\"var\":\"zipCode\"},{\"innerComponentSize\":{\"width\":371,\"height\":28},\"isVirtical\":true,\"styleMap\":{\"width\":386,\"height\":58},\"type\":\"SINGLE_LINE_TEXT\",\"label\":\"\\u4f4f\\u6240\",\"var\":\"Address\"}]},{\"id\":null,\"type\":\"ROW\",\"isSubTable\":false,\"var\":null,\"controlList\":[{\"innerComponentSize\":{\"width\":371,\"height\":28},\"isVirtical\":true,\"styleMap\":{\"width\":386,\"height\":58},\"type\":\"LINK\",\"label\":\"\\u30e1\\u30fc\\u30eb\\u30a2\\u30c9\\u30ec\\u30b9\",\"var\":\"mail\"}]},{\"id\":null,\"type\":\"ROW\",\"isSubTable\":false,\"var\":null,\"controlList\":[{\"innerComponentSize\":{\"width\":371,\"height\":28},\"isVirtical\":true,\"styleMap\":{\"width\":386,\"height\":58},\"type\":\"LINK\",\"label\":\"\\u30db\\u30fc\\u30e0\\u30da\\u30fc\\u30b8\",\"var\":\"hpLink\"}]},{\"id\":null,\"type\":\"ROW\",\"isSubTable\":false,\"var\":null,\"controlList\":[{\"innerComponentSize\":{\"width\":371,\"height\":121},\"isVirtical\":true,\"styleMap\":{\"width\":386,\"height\":156},\"type\":\"MULTIPLE_LINE_TEXT\",\"label\":\"\\u5099\\u8003\",\"var\":\"remarks\"}]},{\"id\":null,\"type\":\"ROW\",\"isSubTable\":false,\"var\":null,\"controlList\":[{\"innerComponentSize\":{\"width\":178,\"height\":28},\"isVirtical\":true,\"styleMap\":{\"width\":193,\"height\":58},\"type\":\"DECIMAL\",\"label\":\"\\u7d4c\\u5ea6\",\"var\":\"lng\"},{\"innerComponentSize\":{\"width\":178,\"height\":28},\"isVirtical\":true,\"styleMap\":{\"width\":193,\"height\":58},\"type\":\"DECIMAL\",\"label\":\"\\u7def\\u5ea6\",\"var\":\"lat\"}]},{\"id\":null,\"type\":\"ROW\",\"isSubTable\":false,\"var\":null,\"controlList\":[{\"styleMap\":{\"width\":117,\"height\":38},\"innerComponentSize\":{\"width\":102,\"height\":30},\"elementId\":\"\",\"type\":\"SPACER\"}]},{\"id\":null,\"type\":\"ROW\",\"isSubTable\":false,\"var\":null,\"controlList\":[{\"styleMap\":{\"width\":476,\"height\":35},\"innerComponentSize\":{\"width\":461,\"height\":11},\"type\":\"HR\"}]},{\"id\":null,\"type\":\"ROW\",\"isSubTable\":false,\"var\":null,\"controlList\":[{\"styleMap\":{\"width\":120,\"height\":55},\"innerComponentSize\":{\"width\":78,\"height\":14},\"type\":\"RECORD_ID\",\"var\":\"record_no\",\"label\":\"\\u30ec\\u30b3\\u30fc\\u30c9\\u756a\\u53f7\"}]}]","revision":null},"iconMeta":null,"info":{"code":null,"decimalPrecision":"16","decimalScale":"4","description":"顧客情報の管理を行うアプリです。","enableBulkDeletion":"false","fiscalYearStartMonth":"4","iconKey":"APP39","iconType":"PRESET","jsFiles":null,"jsScope":"ALL","name":"顧客情報","roundingMode":"HALF_EVEN","theme":"PLAIN","titleComponentLocalId":null,"titleMaxLength":"30","useComment":"true","useHistory":"true","useThumbnail":"true"},"jsFiles":[{"jsFileMetas":[{"internalName":null,"locationType":"BLOB","mime":"text/javascript","name":"sampleMap.js","url":null}],"jsType":"DESKTOP"}],"notification":{"appNotifications":[{"events":["RECORD_COMMENT_ADDED"],"target":{"entityId":"137871","entityType":"FIELD_ENTITY","includeSubs":"false"}},{"events":["RECORD_COMMENT_ADDED"],"target":{"entityId":"137872","entityType":"FIELD_ENTITY","includeSubs":"false"}}],"recordNotifications":[],"reminderTimezone":null,"reminders":[],"useComment":"true","useReminder":"false"},"plugin":{"pluginIds":[]},"reports":[],"resource":{"tables":[{"rows":[{"fields":[],"objectId":"0","subObjectId":"-1"}],"type":"AppName"},{"rows":[{"fields":[],"objectId":"137870","subObjectId":"-1"},{"fields":[],"objectId":"137871","subObjectId":"-1"},{"fields":[],"objectId":"137872","subObjectId":"-1"},{"fields":[],"objectId":"137873","subObjectId":"-1"},{"fields":[],"objectId":"137874","subObjectId":"-1"},{"fields":[],"objectId":"137875","subObjectId":"-1"},{"fields":[],"objectId":"137876","subObjectId":"-1"},{"fields":[],"objectId":"137877","subObjectId":"-1"},{"fields":[],"objectId":"137878","subObjectId":"-1"},{"fields":[],"objectId":"137879","subObjectId":"-1"},{"fields":[],"objectId":"137880","subObjectId":"-1"},{"fields":[],"objectId":"137881","subObjectId":"-1"},{"fields":[],"objectId":"137882","subObjectId":"-1"},{"fields":[],"objectId":"137883","subObjectId":"-1"},{"fields":[],"objectId":"137884","subObjectId":"-1"},{"fields":[],"objectId":"137885","subObjectId":"-1"},{"fields":[],"objectId":"137886","subObjectId":"-1"},{"fields":[],"objectId":"137887","subObjectId":"-1"},{"fields":[],"objectId":"137888","subObjectId":"-1"},{"fields":[],"objectId":"137889","subObjectId":"-1"},{"fields":[],"objectId":"137890","subObjectId":"-1"}],"type":"FieldLabel"},{"rows":[{"fields":[],"objectId":"20","subObjectId":"-1"}],"type":"ViewName"},{"rows":[{"fields":[],"objectId":"0","subObjectId":"-1"}],"type":"AppDescription"}]},"schema":{"groups":[],"revision":null,"subTable":{},"table":{"fieldList":{"137870":{"id":"137870","label":"レコード番号","properties":{"noLabel":"false","required":"true"},"type":"RECORD_ID","var":"record_no"},"137871":{"id":"137871","label":"更新者","properties":{"noLabel":"false","required":"true"},"type":"MODIFIER","var":"更新者"},"137872":{"id":"137872","label":"作成者","properties":{"noLabel":"false","required":"true"},"type":"CREATOR","var":"作成者"},"137873":{"id":"137873","label":"更新日時","properties":{"noLabel":"false","required":"true"},"type":"MODIFIED_AT","var":"更新日時"},"137874":{"id":"137874","label":"作成日時","properties":{"noLabel":"false","required":"true"},"type":"CREATED_AT","var":"作成日時"},"137875":{"id":"137875","label":"ステータス","properties":{"noLabel":"false","required":"false"},"type":"STATUS","var":"ステータス"},"137876":{"id":"137876","label":"作業者","properties":{"noLabel":"false","required":"false"},"type":"STATUS_ASSIGNEE","var":"作業者"},"137877":{"id":"137877","label":"カテゴリー","properties":{"noLabel":"false","required":"false"},"type":"CATEGORY","var":"カテゴリー"},"137878":{"id":"137878","label":"会社名","properties":{"defaultValue":"","expression":"","max":null,"min":null,"noLabel":"false","required":"false","unique":"false"},"type":"SINGLE_LINE_TEXT","var":"companyName"},"137879":{"id":"137879","label":"部署名","properties":{"defaultValue":"","expression":"","max":null,"min":null,"noLabel":"false","required":"false","unique":"false"},"type":"SINGLE_LINE_TEXT","var":"department"},"137880":{"id":"137880","label":"担当者名","properties":{"defaultValue":"","expression":"","max":null,"min":null,"noLabel":"false","required":"false","unique":"false"},"type":"SINGLE_LINE_TEXT","var":"inCharge"},"137881":{"id":"137881","label":"TEL","properties":{"defaultValue":"","expression":"","max":null,"min":null,"noLabel":"false","required":"false","unique":"false"},"type":"SINGLE_LINE_TEXT","var":"tel"},"137882":{"id":"137882","label":"FAX","properties":{"defaultValue":"","expression":"","max":null,"min":null,"noLabel":"false","required":"false","unique":"false"},"type":"SINGLE_LINE_TEXT","var":"fac"},"137883":{"id":"137883","label":"郵便番号","properties":{"defaultValue":"","expression":"","max":null,"min":null,"noLabel":"false","required":"false","unique":"false"},"type":"SINGLE_LINE_TEXT","var":"zipCode"},"137884":{"id":"137884","label":"住所","properties":{"defaultValue":"","expression":"","max":null,"min":null,"noLabel":"false","required":"false","unique":"false"},"type":"SINGLE_LINE_TEXT","var":"Address"},"137885":{"id":"137885","label":"メールアドレス","properties":{"defaultValue":"","max":null,"min":null,"noLabel":"false","protocol":"MAIL","required":"false","unique":"false"},"type":"LINK","var":"mail"},"137886":{"id":"137886","label":"ホームページ","properties":{"defaultValue":"","max":null,"min":null,"noLabel":"false","protocol":"WEB","required":"false","unique":"false"},"type":"LINK","var":"hpLink"},"137887":{"id":"137887","label":"備考","properties":{"defaultValue":"","noLabel":"false","required":"false"},"type":"MULTIPLE_LINE_TEXT","var":"remarks"},"137888":{"id":"137888","label":"緯度","properties":{"defaultValue":null,"digit":"false","displayScale":null,"max":null,"min":null,"noLabel":"false","required":"false","roundingMode":null,"scale":null,"unique":"false"},"type":"DECIMAL","var":"lat"},"137889":{"id":"137889","label":"経度","properties":{"defaultValue":null,"digit":"false","displayScale":null,"max":null,"min":null,"noLabel":"false","required":"false","roundingMode":null,"scale":null,"unique":"false"},"type":"DECIMAL","var":"lng"},"137890":{"id":"137890","label":"会社コード","properties":{"defaultValue":"","expression":"","max":null,"min":null,"noLabel":"false","required":"false","unique":"false"},"type":"SINGLE_LINE_TEXT","var":"companyCode"}},"id":"1","label":"__ROOT__","var":"__ROOT__"}},"status":{"actions":[],"filters":[],"initialStateId":null,"states":[],"useStatus":"false"},"uuid":"41930d14-0ba9-4424-b113-cce4888c4e45","views":[{"advancedMode":null,"builtinType":"ALL","fields":[{"row":[{"id":"137870"},{"id":"137878"},{"id":"137879"},{"id":"137880"},{"id":"137881"},{"id":"137882"},{"id":"137883"},{"id":"137884"},{"id":"137885"},{"id":"137886"},{"id":"137887"},{"id":"137888"},{"id":"137889"},{"id":"137890"}]}],"filter":{"category":null,"offset":null,"order":[],"q":null,"size":null,"sort":[]},"html":null,"keyFieldId":null,"name":"（すべて）","pager":null,"revision":null,"titleFieldId":null,"view":"20","viewType":"LIST"}]}],"description":"kintone Café 福岡 Vol.2で利用するテンプレートです。","iconKey":"20140710234300B121D748FE634418B232D53C07E9719E289","iconMeta":{"internalName":null,"mime":"image/png","name":"設備管理.png"},"iconSrcAppId":"12c5b9cd-14f5-4393-a71f-6d40f154af62","iconType":"BLOB","idConversionMap":{"595":"12c5b9cd-14f5-4393-a71f-6d40f154af62","596":"41930d14-0ba9-4424-b113-cce4888c4e45"},"imagesMeta":[],"lookups":[],"name":"kintone-Cafe-Fukuoka-2-pack","references":[],"version":"12"}